{
    "dataset": {
        "batch_size": 128,
        "num_workers": 8,
        "cifar10": {
            "train_mean": [0.49139956, 0.4821574, 0.44653055],
            "train_std": [0.2023, 0.1994, 0.2010]
        },
        "cifar100": {
            "train_mean": [0.5088964127604166, 0.48739301317401956, 0.44194221124387256],
            "train_std": [0.2682515741720801, 0.2573637364478126, 0.2770957707973042]
        }
    },
    "prune_setting":{
        "model_name": "resnet32",
        "dataset_name":"cifar10"
    },
    "model": {
        "num_classes": 10,
        "checkpoint_path": "checkpoint_path"
    },
    "pruning": {
        "pruning_rate": 0.7,
        "skip_layers": "layer*conv2",
        "step_names": ["conv1", "layer1*", "layer2*", "layer3*"]
    },
    "retrain": {
        "optimizerName": "adam",
        "learning_rate": 0.001,
        "epochs": 50,
        "milestones": [20, 30, 40, 45],
        "warmup": 1,
        "use_gpu": true
    },
    "fine_tuning": {
        "optimizerName": "sgd",
        "learning_rate": 0.01,
        "epochs": 200,
        "milestones": [50, 100, 150],
        "warmup": 1,
        "use_gpu": true
    }
}
